{"cameraMode":{"drawMode":0,"name":"Shaded","section":"Shading Mode"},"sceneLighting":true,"audioPlay":false,"sceneViewState":{"showFog":true,"showMaterialUpdate":false,"showSkybox":true,"showFlares":true,"showImageEffects":true,"showParticleSystems":true},"in2DMode":false,"pivot":{"x":0.36503472924232485,"y":-10.958617210388184,"z":-17.188417434692384},"rotation":{"x":-0.0027909509371966125,"y":-0.9595377445220947,"z":0.28144314885139468,"w":-0.009491804987192154},"size":15.279984474182129,"orthographic":false}