{"cameraMode":{"drawMode":0,"name":"Shaded","section":"Shading Mode"},"sceneLighting":true,"audioPlay":false,"sceneViewState":{"showFog":true,"showMaterialUpdate":false,"showSkybox":true,"showFlares":true,"showImageEffects":true,"showParticleSystems":true},"in2DMode":false,"pivot":{"x":-0.10216813534498215,"y":7.031482696533203,"z":5.616065502166748},"rotation":{"x":-0.11294831335544586,"y":0.7270076870918274,"z":-0.1232970729470253,"w":-0.6659616231918335},"size":6.4380645751953129,"orthographic":false}